,precision,recall,f1-score,support
bench,1.0,0.975,0.9873417721518988,40.0
curl,1.0,1.0,1.0,40.0
deadlift,1.0,1.0,1.0,40.0
pushup,1.0,1.0,1.0,40.0
squat,0.975609756097561,1.0,0.9876543209876543,40.0
accuracy,0.995,0.995,0.995,0.995
macro avg,0.9951219512195122,0.9949999999999999,0.9949992186279106,200.0
weighted avg,0.9951219512195122,0.995,0.9949992186279107,200.0
