,precision,recall,f1-score,support
bench,0.9512195121951219,0.975,0.9629629629629629,40.0
curl,1.0,1.0,1.0,40.0
deadlift,1.0,1.0,1.0,40.0
pushup,1.0,1.0,1.0,40.0
squat,0.9743589743589743,0.95,0.9620253164556962,40.0
accuracy,0.985,0.985,0.985,0.985
macro avg,0.9851156973108193,0.985,0.9849976558837318,200.0
weighted avg,0.9851156973108194,0.985,0.9849976558837319,200.0
